,avg_distance,penalties,best,amount of modifications
0,178.1243698954531,287.77676966019015,287.77676966019015,
1,178.13881135131658,287.6520340537675,287.77676966019015,3.0
2,178.08689227215302,287.76560263646496,287.6520340537675,5.0
3,178.1617771330432,287.8865469353394,287.6520340537675,2.0
4,178.13511424171156,287.85743211219324,287.6520340537675,1.0
5,178.20883651090634,287.5346566649089,287.6520340537675,5.0
