,avg_distance,penalties,best,amount of modifications
0,154.1975233409013,284.74750128741755,284.74750128741755,
1,153.82709385065726,284.54416235836294,284.74750128741755,94.0
